<?xml version="1.0" encoding="UTF-8"?>
<metadata xml:lang="en"><Esri><CreaDate>20220309</CreaDate><CreaTime>15040800</CreaTime><ArcGISFormat>1.0</ArcGISFormat><SyncOnce>TRUE</SyncOnce><DataProperties><lineage><Process ToolSource="c:\program files\arcgis\pro\Resources\ArcToolbox\toolboxes\Conversion Tools.tbx\FeatureClassToFeatureClass" Date="20220309" Time="150408">FeatureClassToFeatureClass "Water systems for mobile home parks" C:\Users\MTang\Documents\GitHub\tribal-drinking-water-mt\mobile-home-parks water_systems_mhp.shp # "pwsid "PWSID" true true false 80 Text 0 0,First,#,Water systems for mobile home parks,L0CA_ws_20220114_Clip.pwsid,0,80;system_name "System_Name" true true false 80 Text 0 0,First,#,Water systems for mobile home parks,L0CA_ws_20220114_Clip.system_name,0,80;system_type "System_Type" true true false 255 Text 0 0,First,#,Water systems for mobile home parks,L0CA_ws_20220114_Clip.system_type,0,255;risk_status "Risk_Status" true true false 80 Text 0 0,First,#,Water systems for mobile home parks,L0CA_ws_20220114_Clip.risk_status,0,80;regulator "Regulator" true true false 80 Text 0 0,First,#,Water systems for mobile home parks,L0CA_ws_20220114_Clip.regulator,0,80;county "County" true true false 80 Text 0 0,First,#,Water systems for mobile home parks,L0CA_ws_20220114_Clip.county,0,80;owner_type "Owner_Type" true true false 80 Text 0 0,First,#,Water systems for mobile home parks,L0CA_ws_20220114_Clip.owner_type,0,80;connections "Connections" true true false 0 Long 0 0,First,#,Water systems for mobile home parks,L0CA_ws_20220114_Clip.connections,-1,-1;population "Population" true true false 0 Long 0 0,First,#,Water systems for mobile home parks,L0CA_ws_20220114_Clip.population,-1,-1;admin_address "Admin_Address" true true false 80 Text 0 0,First,#,Water systems for mobile home parks,L0CA_ws_20220114_Clip.admin_address,0,80;admin_address2 "Admin_Address2" true true false 80 Text 0 0,First,#,Water systems for mobile home parks,L0CA_ws_20220114_Clip.admin_address2,0,80;admin_city "Admin_City" true true false 80 Text 0 0,First,#,Water systems for mobile home parks,L0CA_ws_20220114_Clip.admin_city,0,80;admin_state "Admin_State" true true false 80 Text 0 0,First,#,Water systems for mobile home parks,L0CA_ws_20220114_Clip.admin_state,0,80;admin_zip "Admin_Zip" true true false 80 Text 0 0,First,#,Water systems for mobile home parks,L0CA_ws_20220114_Clip.admin_zip,0,80;admin_phone "Admin_Phone" true true false 80 Text 0 0,First,#,Water systems for mobile home parks,L0CA_ws_20220114_Clip.admin_phone,0,80;admin_email "Admin_Email" true true false 80 Text 0 0,First,#,Water systems for mobile home parks,L0CA_ws_20220114_Clip.admin_email,0,80;globald "globald" true true false 80 Text 0 0,First,#,Water systems for mobile home parks,L0CA_ws_20220114_Clip.globald,0,80;buff_dist "BUFF_DIST" true true false 0 Double 0 0,First,#,Water systems for mobile home parks,L0CA_ws_20220114_Clip.buff_dist,-1,-1;SHAPE__Length "SHAPE__Length" false true true 0 Double 0 0,First,#,Water systems for mobile home parks,L0CA_ws_20220114_Clip.SHAPE__Length,-1,-1;SHAPE__Area "SHAPE__Area" false true true 0 Double 0 0,First,#,Water systems for mobile home parks,L0CA_ws_20220114_Clip.SHAPE__Area,-1,-1;OBJECTID "OBJECTID" false true false 4 Long 0 9,First,#,Water systems for mobile home parks,WS_MHP___SSRS_Report_csv.OBJECTID,-1,-1;TINWSYS_IS_NUMBER "TINWSYS_IS_NUMBER" true true false 4 Long 0 0,First,#,Water systems for mobile home parks,WS_MHP___SSRS_Report_csv.TINWSYS_IS_NUMBER,-1,-1;Regulating_Agency "Regulating_Agency" true true false 8000 Text 0 0,First,#,Water systems for mobile home parks,WS_MHP___SSRS_Report_csv.Regulating_Agency,0,8000;NUMBER0 "NUMBER0" true true false 8000 Text 0 0,First,#,Water systems for mobile home parks,WS_MHP___SSRS_Report_csv.NUMBER0,0,8000;SYSTEM_NAME_1 "SYSTEM_NAME" true true false 8000 Text 0 0,First,#,Water systems for mobile home parks,WS_MHP___SSRS_Report_csv.SYSTEM_NAME,0,8000;SYSTEM_STATUS "SYSTEM_STATUS" true true false 8000 Text 0 0,First,#,Water systems for mobile home parks,WS_MHP___SSRS_Report_csv.SYSTEM_STATUS,0,8000;STATUS_DATE "STATUS_DATE" true true false 8 Date 0 0,First,#,Water systems for mobile home parks,WS_MHP___SSRS_Report_csv.STATUS_DATE,-1,-1;D_PRIN_CNTY_SVD_NM "D_PRIN_CNTY_SVD_NM" true true false 8000 Text 0 0,First,#,Water systems for mobile home parks,WS_MHP___SSRS_Report_csv.D_PRIN_CNTY_SVD_NM,0,8000;D_FED_PRIM_SRC_CD "D_FED_PRIM_SRC_CD" true true false 8000 Text 0 0,First,#,Water systems for mobile home parks,WS_MHP___SSRS_Report_csv.D_FED_PRIM_SRC_CD,0,8000;OWNER_TYPE_CODE "OWNER_TYPE_CODE" true true false 8000 Text 0 0,First,#,Water systems for mobile home parks,WS_MHP___SSRS_Report_csv.OWNER_TYPE_CODE,0,8000;FED_TYPE "FED_TYPE" true true false 8000 Text 0 0,First,#,Water systems for mobile home parks,WS_MHP___SSRS_Report_csv.FED_TYPE,0,8000;STATE_TYPE "STATE_TYPE" true true false 8000 Text 0 0,First,#,Water systems for mobile home parks,WS_MHP___SSRS_Report_csv.STATE_TYPE,0,8000;D_POPULATION_COUNT "D_POPULATION_COUNT" true true false 4 Long 0 0,First,#,Water systems for mobile home parks,WS_MHP___SSRS_Report_csv.D_POPULATION_COUNT,-1,-1;NME "NME" true true false 8000 Text 0 0,First,#,Water systems for mobile home parks,WS_MHP___SSRS_Report_csv.NME,0,8000;SVC_CONNECT_ALL "SVC_CONNECT_ALL" true true false 4 Long 0 0,First,#,Water systems for mobile home parks,WS_MHP___SSRS_Report_csv.SVC_CONNECT_ALL,-1,-1;INDICATOR_VALUE_CD "INDICATOR_VALUE_CD" true true false 8000 Text 0 0,First,#,Water systems for mobile home parks,WS_MHP___SSRS_Report_csv.INDICATOR_VALUE_CD,0,8000;INDICATOR_NAME "INDICATOR_NAME" true true false 8000 Text 0 0,First,#,Water systems for mobile home parks,WS_MHP___SSRS_Report_csv.INDICATOR_NAME,0,8000" #</Process></lineage></DataProperties></Esri></metadata>
