<?xml version="1.0" encoding="UTF-8"?>
<metadata xml:lang="en">
	<Esri>
		<CreaDate>20220118</CreaDate>
		<CreaTime>16050900</CreaTime>
		<ArcGISFormat>1.0</ArcGISFormat>
		<SyncOnce>FALSE</SyncOnce>
		<DataProperties>
			<itemProps>
				<itemName Sync="TRUE">CA_ws_20220114_Clip</itemName>
				<imsContentType Sync="TRUE">002</imsContentType>
			</itemProps>
			<coordRef>
				<type Sync="TRUE">Projected</type>
				<geogcsn Sync="TRUE">GCS_WGS_1984</geogcsn>
				<csUnits Sync="TRUE">Linear Unit: Meter (1.000000)</csUnits>
				<projcsn Sync="TRUE">WGS_1984_Web_Mercator_Auxiliary_Sphere</projcsn>
				<peXml Sync="TRUE">&lt;ProjectedCoordinateSystem xsi:type='typens:ProjectedCoordinateSystem' xmlns:xsi='http://www.w3.org/2001/XMLSchema-instance' xmlns:xs='http://www.w3.org/2001/XMLSchema' xmlns:typens='http://www.esri.com/schemas/ArcGIS/2.6.0'&gt;&lt;WKT&gt;PROJCS[&amp;quot;WGS_1984_Web_Mercator_Auxiliary_Sphere&amp;quot;,GEOGCS[&amp;quot;GCS_WGS_1984&amp;quot;,DATUM[&amp;quot;D_WGS_1984&amp;quot;,SPHEROID[&amp;quot;WGS_1984&amp;quot;,6378137.0,298.257223563]],PRIMEM[&amp;quot;Greenwich&amp;quot;,0.0],UNIT[&amp;quot;Degree&amp;quot;,0.0174532925199433]],PROJECTION[&amp;quot;Mercator_Auxiliary_Sphere&amp;quot;],PARAMETER[&amp;quot;False_Easting&amp;quot;,0.0],PARAMETER[&amp;quot;False_Northing&amp;quot;,0.0],PARAMETER[&amp;quot;Central_Meridian&amp;quot;,0.0],PARAMETER[&amp;quot;Standard_Parallel_1&amp;quot;,0.0],PARAMETER[&amp;quot;Auxiliary_Sphere_Type&amp;quot;,0.0],UNIT[&amp;quot;Meter&amp;quot;,1.0],AUTHORITY[&amp;quot;EPSG&amp;quot;,3857]]&lt;/WKT&gt;&lt;XOrigin&gt;-20037700&lt;/XOrigin&gt;&lt;YOrigin&gt;-30241100&lt;/YOrigin&gt;&lt;XYScale&gt;10000&lt;/XYScale&gt;&lt;ZOrigin&gt;-100000&lt;/ZOrigin&gt;&lt;ZScale&gt;10000&lt;/ZScale&gt;&lt;MOrigin&gt;-100000&lt;/MOrigin&gt;&lt;MScale&gt;10000&lt;/MScale&gt;&lt;XYTolerance&gt;0.001&lt;/XYTolerance&gt;&lt;ZTolerance&gt;0.001&lt;/ZTolerance&gt;&lt;MTolerance&gt;0.001&lt;/MTolerance&gt;&lt;HighPrecision&gt;true&lt;/HighPrecision&gt;&lt;WKID&gt;102100&lt;/WKID&gt;&lt;LatestWKID&gt;3857&lt;/LatestWKID&gt;&lt;/ProjectedCoordinateSystem&gt;</peXml>
			</coordRef>
		</DataProperties>
		<SyncDate>20220118</SyncDate>
		<SyncTime>08352300</SyncTime>
		<ModDate>20220118</ModDate>
		<ModTime>08352300</ModTime>
	</Esri>
	<dataIdInfo>
		<envirDesc Sync="FALSE">Esri ArcGIS 12.6.2.24783</envirDesc>
		<dataLang>
			<languageCode Sync="TRUE" value="eng"/>
			<countryCode Sync="TRUE" value="USA"/>
		</dataLang>
		<idCitation>
			<resTitle Sync="TRUE">CA_ws_20220114_Clip</resTitle>
			<presForm>
				<PresFormCd Sync="TRUE" value="005"/>
			</presForm>
		</idCitation>
		<spatRpType>
			<SpatRepTypCd Sync="TRUE" value="001"/>
		</spatRpType>
	</dataIdInfo>
	<mdLang>
		<languageCode Sync="TRUE" value="eng"/>
		<countryCode Sync="TRUE" value="USA"/>
	</mdLang>
	<distInfo>
		<distFormat>
			<formatName Sync="TRUE">File Geodatabase Feature Class</formatName>
		</distFormat>
	</distInfo>
	<mdHrLv>
		<ScopeCd Sync="TRUE" value="005"/>
	</mdHrLv>
	<mdHrLvName Sync="TRUE">dataset</mdHrLvName>
	<refSysInfo>
		<RefSystem>
			<refSysID>
				<identCode Sync="TRUE" code="3857"/>
				<idCodeSpace Sync="TRUE">EPSG</idCodeSpace>
				<idVersion Sync="TRUE">8.8(9.3.1.2)</idVersion>
			</refSysID>
		</RefSystem>
	</refSysInfo>
	<spatRepInfo>
		<VectSpatRep>
			<geometObjs Name="CA_ws_20220114_Clip">
				<geoObjTyp>
					<GeoObjTypCd Sync="TRUE" value="002"/>
				</geoObjTyp>
				<geoObjCnt Sync="TRUE">0</geoObjCnt>
			</geometObjs>
			<topLvl>
				<TopoLevCd Sync="TRUE" value="001"/>
			</topLvl>
		</VectSpatRep>
	</spatRepInfo>
	<spdoinfo>
		<ptvctinf>
			<esriterm Name="CA_ws_20220114_Clip">
				<efeatyp Sync="TRUE">Simple</efeatyp>
				<efeageom Sync="TRUE" code="4"/>
				<esritopo Sync="TRUE">FALSE</esritopo>
				<efeacnt Sync="TRUE">0</efeacnt>
				<spindex Sync="TRUE">TRUE</spindex>
				<linrefer Sync="TRUE">FALSE</linrefer>
			</esriterm>
		</ptvctinf>
	</spdoinfo>
	<eainfo>
		<detailed Name="CA_ws_20220114_Clip">
			<enttyp>
				<enttypl Sync="TRUE">CA_ws_20220114_Clip</enttypl>
				<enttypt Sync="TRUE">Feature Class</enttypt>
				<enttypc Sync="TRUE">0</enttypc>
			</enttyp>
			<attr>
				<attrlabl Sync="TRUE">OBJECTID</attrlabl>
				<attalias Sync="TRUE">OBJECTID</attalias>
				<attrtype Sync="TRUE">OID</attrtype>
				<attwidth Sync="TRUE">4</attwidth>
				<atprecis Sync="TRUE">0</atprecis>
				<attscale Sync="TRUE">0</attscale>
				<attrdef Sync="TRUE">Internal feature number.</attrdef>
				<attrdefs Sync="TRUE">Esri</attrdefs>
				<attrdomv>
					<udom Sync="TRUE">Sequential unique whole numbers that are automatically generated.</udom>
				</attrdomv>
			</attr>
			<attr>
				<attrlabl Sync="TRUE">Shape</attrlabl>
				<attalias Sync="TRUE">Shape</attalias>
				<attrtype Sync="TRUE">Geometry</attrtype>
				<attwidth Sync="TRUE">0</attwidth>
				<atprecis Sync="TRUE">0</atprecis>
				<attscale Sync="TRUE">0</attscale>
				<attrdef Sync="TRUE">Feature geometry.</attrdef>
				<attrdefs Sync="TRUE">Esri</attrdefs>
				<attrdomv>
					<udom Sync="TRUE">Coordinates defining the features.</udom>
				</attrdomv>
			</attr>
			<attr>
				<attrlabl Sync="TRUE">PWSID</attrlabl>
				<attalias Sync="TRUE">PWSID</attalias>
				<attrtype Sync="TRUE">String</attrtype>
				<attwidth Sync="TRUE">80</attwidth>
				<atprecis Sync="TRUE">0</atprecis>
				<attscale Sync="TRUE">0</attscale>
			</attr>
			<attr>
				<attrlabl Sync="TRUE">System_Name</attrlabl>
				<attalias Sync="TRUE">System_Name</attalias>
				<attrtype Sync="TRUE">String</attrtype>
				<attwidth Sync="TRUE">80</attwidth>
				<atprecis Sync="TRUE">0</atprecis>
				<attscale Sync="TRUE">0</attscale>
			</attr>
			<attr>
				<attrlabl Sync="TRUE">Owner_Type</attrlabl>
				<attalias Sync="TRUE">Owner_Type</attalias>
				<attrtype Sync="TRUE">String</attrtype>
				<attwidth Sync="TRUE">80</attwidth>
				<atprecis Sync="TRUE">0</atprecis>
				<attscale Sync="TRUE">0</attscale>
			</attr>
			<attr>
				<attrlabl Sync="TRUE">County</attrlabl>
				<attalias Sync="TRUE">County</attalias>
				<attrtype Sync="TRUE">String</attrtype>
				<attwidth Sync="TRUE">80</attwidth>
				<atprecis Sync="TRUE">0</atprecis>
				<attscale Sync="TRUE">0</attscale>
			</attr>
			<attr>
				<attrlabl Sync="TRUE">Population</attrlabl>
				<attalias Sync="TRUE">Population</attalias>
				<attrtype Sync="TRUE">Integer</attrtype>
				<attwidth Sync="TRUE">4</attwidth>
				<atprecis Sync="TRUE">0</atprecis>
				<attscale Sync="TRUE">0</attscale>
			</attr>
			<attr>
				<attrlabl Sync="TRUE">Regulator</attrlabl>
				<attalias Sync="TRUE">Regulator</attalias>
				<attrtype Sync="TRUE">String</attrtype>
				<attwidth Sync="TRUE">80</attwidth>
				<atprecis Sync="TRUE">0</atprecis>
				<attscale Sync="TRUE">0</attscale>
			</attr>
			<attr>
				<attrlabl Sync="TRUE">System_Type</attrlabl>
				<attalias Sync="TRUE">System_Type</attalias>
				<attrtype Sync="TRUE">String</attrtype>
				<attwidth Sync="TRUE">255</attwidth>
				<atprecis Sync="TRUE">0</atprecis>
				<attscale Sync="TRUE">0</attscale>
			</attr>
			<attr>
				<attrlabl Sync="TRUE">Admin_Address</attrlabl>
				<attalias Sync="TRUE">Admin_Address</attalias>
				<attrtype Sync="TRUE">String</attrtype>
				<attwidth Sync="TRUE">80</attwidth>
				<atprecis Sync="TRUE">0</atprecis>
				<attscale Sync="TRUE">0</attscale>
			</attr>
			<attr>
				<attrlabl Sync="TRUE">Admin_Address2</attrlabl>
				<attalias Sync="TRUE">Admin_Address2</attalias>
				<attrtype Sync="TRUE">String</attrtype>
				<attwidth Sync="TRUE">80</attwidth>
				<atprecis Sync="TRUE">0</atprecis>
				<attscale Sync="TRUE">0</attscale>
			</attr>
			<attr>
				<attrlabl Sync="TRUE">Admin_City</attrlabl>
				<attalias Sync="TRUE">Admin_City</attalias>
				<attrtype Sync="TRUE">String</attrtype>
				<attwidth Sync="TRUE">80</attwidth>
				<atprecis Sync="TRUE">0</atprecis>
				<attscale Sync="TRUE">0</attscale>
			</attr>
			<attr>
				<attrlabl Sync="TRUE">Admin_State</attrlabl>
				<attalias Sync="TRUE">Admin_State</attalias>
				<attrtype Sync="TRUE">String</attrtype>
				<attwidth Sync="TRUE">80</attwidth>
				<atprecis Sync="TRUE">0</atprecis>
				<attscale Sync="TRUE">0</attscale>
			</attr>
			<attr>
				<attrlabl Sync="TRUE">Admin_Zip</attrlabl>
				<attalias Sync="TRUE">Admin_Zip</attalias>
				<attrtype Sync="TRUE">String</attrtype>
				<attwidth Sync="TRUE">80</attwidth>
				<atprecis Sync="TRUE">0</atprecis>
				<attscale Sync="TRUE">0</attscale>
			</attr>
			<attr>
				<attrlabl Sync="TRUE">Connections</attrlabl>
				<attalias Sync="TRUE">Connections</attalias>
				<attrtype Sync="TRUE">Integer</attrtype>
				<attwidth Sync="TRUE">4</attwidth>
				<atprecis Sync="TRUE">0</atprecis>
				<attscale Sync="TRUE">0</attscale>
			</attr>
			<attr>
				<attrlabl Sync="TRUE">globald</attrlabl>
				<attalias Sync="TRUE">globald</attalias>
				<attrtype Sync="TRUE">String</attrtype>
				<attwidth Sync="TRUE">80</attwidth>
				<atprecis Sync="TRUE">0</atprecis>
				<attscale Sync="TRUE">0</attscale>
			</attr>
			<attr>
				<attrlabl Sync="TRUE">Admin_Phone</attrlabl>
				<attalias Sync="TRUE">Admin_Phone</attalias>
				<attrtype Sync="TRUE">String</attrtype>
				<attwidth Sync="TRUE">80</attwidth>
				<atprecis Sync="TRUE">0</atprecis>
				<attscale Sync="TRUE">0</attscale>
			</attr>
			<attr>
				<attrlabl Sync="TRUE">Admin_Email</attrlabl>
				<attalias Sync="TRUE">Admin_Email</attalias>
				<attrtype Sync="TRUE">String</attrtype>
				<attwidth Sync="TRUE">80</attwidth>
				<atprecis Sync="TRUE">0</atprecis>
				<attscale Sync="TRUE">0</attscale>
			</attr>
			<attr>
				<attrlabl Sync="TRUE">Risk_Status</attrlabl>
				<attalias Sync="TRUE">Risk_Status</attalias>
				<attrtype Sync="TRUE">String</attrtype>
				<attwidth Sync="TRUE">80</attwidth>
				<atprecis Sync="TRUE">0</atprecis>
				<attscale Sync="TRUE">0</attscale>
			</attr>
			<attr>
				<attrlabl Sync="TRUE">BUFF_DIST</attrlabl>
				<attalias Sync="TRUE">BUFF_DIST</attalias>
				<attrtype Sync="TRUE">Double</attrtype>
				<attwidth Sync="TRUE">8</attwidth>
				<atprecis Sync="TRUE">0</atprecis>
				<attscale Sync="TRUE">0</attscale>
			</attr>
			<attr>
				<attrlabl Sync="TRUE">Shape_Length</attrlabl>
				<attalias Sync="TRUE">Shape_Length</attalias>
				<attrtype Sync="TRUE">Double</attrtype>
				<attwidth Sync="TRUE">8</attwidth>
				<atprecis Sync="TRUE">0</atprecis>
				<attscale Sync="TRUE">0</attscale>
				<attrdef Sync="TRUE">Length of feature in internal units.</attrdef>
				<attrdefs Sync="TRUE">Esri</attrdefs>
				<attrdomv>
					<udom Sync="TRUE">Positive real numbers that are automatically generated.</udom>
				</attrdomv>
			</attr>
			<attr>
				<attrlabl Sync="TRUE">Shape_Area</attrlabl>
				<attalias Sync="TRUE">Shape_Area</attalias>
				<attrtype Sync="TRUE">Double</attrtype>
				<attwidth Sync="TRUE">8</attwidth>
				<atprecis Sync="TRUE">0</atprecis>
				<attscale Sync="TRUE">0</attscale>
				<attrdef Sync="TRUE">Area of feature in internal units squared.</attrdef>
				<attrdefs Sync="TRUE">Esri</attrdefs>
				<attrdomv>
					<udom Sync="TRUE">Positive real numbers that are automatically generated.</udom>
				</attrdomv>
			</attr>
		</detailed>
	</eainfo>
	<mdDateSt Sync="TRUE">20220118</mdDateSt>
</metadata>
